<configuration debug="false" scan="true" scanPeriod="10 seconds">

    <property name="FILE_PATTERN" value="%d [%t] %5p %c - %m%n"/>
    <appender name="STDOUT" class="ch.qos.logback.core.ConsoleAppender">
        <encoder>
            <pattern>%d [%t] %5p %logger - %m%n</pattern>
        </encoder>
    </appender>

    <appender name="FILE" class="ch.qos.logback.core.rolling.RollingFileAppender">
        <File>C:\Users\Administrator\Desktop\log\info.log</File>
        <rollingPolicy class="ch.qos.logback.core.rolling.TimeBasedRollingPolicy">
            <!-- daily rollover -->
            <FileNamePattern>info.%d{yyyy-MM-dd}.log</FileNamePattern>
            <!-- keep 30 days' worth of history -->
            <maxHistory>9999</maxHistory>
            <totalSizeCap>5GB</totalSizeCap>
        </rollingPolicy>
        <encoder>
            <Pattern>%d{HH:mm:ss.SSS} [%thread] %-5level %logger{35} - %msg %n</Pattern>
        </encoder>
    </appender>

    <root level="INFO">
        <appender-ref ref="STDOUT"/>
        <appender-ref ref="FILE"/>
    </root>

</configuration>