<?xml version="1.0" encoding="utf-8" ?>
<!DOCTYPE mapper PUBLIC "-//mybatis.org//DTD Mapper 3.0//EN" "http://
mybatis.org/dtd/mybatis-3-mapper.dtd" >

<mapper namespace="com.bean.mapper.PersonMapper">
    <select id="getPersonList" resultType="com.bean.entity.Person">
        SELECT * FROM person
        <!--mysql 表名区分大小写-->
    </select>
    <select id="getPersonById"  parameterType="int" resultType="com.bean.entity.Person">
        SELECT * FROM person WHERE id = #{id}
    </select>

    <insert id="insertPerson" parameterType="com.bean.entity.Person" useGeneratedKeys="true" keyProperty="id" >
        insert into person (name,passwd,regtime,balance) values (#{param1}, md5(#{param2}), #{param3},#{param4})
        <!--当是多个入参时用param-->
    </insert>


    <update id="updatePerson" parameterType="com.bean.entity.Person">
        update person set name=#{param2} where id=#{param1}
    </update>

    <update id="transferAcount" parameterType="com.bean.entity.Person">
        update person set balance=#{param2} where id=#{param1}
    </update>

    <delete id="delPerson" parameterType="int" >
        delete from person where id = #{id}
    </delete>


</mapper>